name,current_value,weight_pct
Large Blend,4949.56,42.422824
Large Growth,3942.51,33.791369
Large Value,893.42,7.657529
Medium Growth,810.6,6.947676
Medium Blend,411.16,3.524064
Small Growth,240.91,2.064847
Medium Value,188.58,1.616325
Small Blend,126.44,1.083721
Small Value,104.03,0.891644
